General Songs,Songs on The Triune God,Praise of the Lord,Worship of the Father
750,702,1192,1010
327,704,1043,1005
99,935,1073,992
911,700,1077?tune=0,225?tune=1
685,687?tune=0,147,1945
2360,697,1184,12
2354,379,167,531?tune=1
725,593,519,
596,3952,2127,
694,,2018?tune=0,
722,,171,
909?tune=0,,759,
3488,,1497,
615,,,
276,,,
491,,,
819,,,
525?tune=1,,,
727?tune=0,,,
3427,,,
633,,,
1369?tune=1,,,
1731,,,
468?tune=1,,,
403,,,
405,,,
429?tune=0,,,
1031,,,
639,,,
3946,,,
733,,,
360,,,
369?tune=0,,,
751?tune=1,,,
534,,,
270,,,
728,,,
272,,,
715,,,
4333,,,
339?tune=1,,,
895,,,
2191,,,
489,,,
589,,,
423,,,
3452,,,
4045,,,
2322,,,
281,,,
427,,,
2314,,,
3421,,,
3350,,,
466,,,
962,,,
456,,,